payment_id,order_id,amount,fee,tax,net_amount,settlement_id,payment_date,settlement_date,status
pay_HSAHXTHV,ORD_1001,3457.69,69.15,12.45,3376.09,setl_001,2026-08-20 18:02:00,2026-08-21,captured
pay_8MDD4V30,ORD_1002,1818.81,36.38,6.55,1775.88,setl_001,2026-08-21 01:11:00,2026-08-22,captured
pay_3W5UZBIK,ORD_1003,946.31,18.93,3.41,923.97,setl_001,2026-08-20 19:38:00,2026-08-21,captured
pay_NHJ7XVG0,ORD_1004,1235.65,24.71,4.45,1206.49,setl_001,2026-08-21 23:58:00,2026-08-23,captured
pay_41IBLJH7,ORD_1005,686.95,13.74,2.47,670.74,setl_001,2026-08-21 00:46:00,2026-08-22,captured
pay_F0T0PVN9,ORD_1006,414.54,8.29,1.49,404.76,setl_001,2026-08-21 07:12:00,2026-08-22,captured
pay_FFYVNVQJ,ORD_1007,2498.35,49.97,8.99,2439.39,setl_001,2026-08-20 18:56:00,2026-08-21,captured
pay_EPQ85JSG,ORD_1008,517.03,10.34,1.86,504.83,setl_001,2026-08-21 01:52:00,2026-08-22,captured
pay_1T2TALA7,ORD_1009,233.17,4.66,0.84,227.67,setl_002,2026-08-20 23:12:00,2026-08-21,captured
pay_39TEX8FS,ORD_1010,1154.79,23.1,4.16,1127.53,setl_002,2026-08-20 19:09:00,2026-08-21,captured
pay_OYN6QICA,ORD_1011,1645.44,32.91,5.92,1606.61,setl_002,2026-08-20 23:48:00,2026-08-21,captured
pay_I64CIYHE,ORD_1012,1207.84,24.16,4.35,1179.33,setl_002,2026-08-21 19:46:00,2026-08-22,captured
pay_DPPQ0Y9D,ORD_1013,1896.27,37.93,6.83,1851.51,setl_002,2026-08-22 06:13:00,2026-08-23,captured
pay_TFGQ5C34,ORD_1014,379.06,7.58,1.36,294.31,setl_002,2026-08-22 00:14:00,2026-08-23,captured
pay_FRHOCN9J,ORD_1015,3014.21,60.28,10.85,2943.08,setl_002,2026-08-21 17:07:00,2026-08-22,captured
pay_K8UT0CVS,ORD_1016,191.3,3.83,0.69,186.78,setl_002,2026-08-22 08:11:00,2026-08-23,captured
pay_CC5O7UUB,ORD_1017,1754.69,35.09,6.32,1713.28,setl_002,2026-08-21 19:56:00,2026-08-22,captured
pay_HZIOYKL1,ORD_1018,1614.74,32.29,5.81,1576.64,setl_003,2026-08-22 04:02:30,2026-08-23,captured
pay_CQ99CHJ7,ORD_1018,1614.74,32.29,5.81,1576.64,setl_003,2026-08-22 04:02:00,2026-08-23,captured
pay_ZW9XA3KX,ORD_1019,1185.95,23.72,4.27,1157.96,setl_003,2026-08-22 07:58:00,2026-08-23,captured
pay_VZHWJR64,ORD_1020,210.54,4.21,0.76,205.57,setl_003,2026-08-21 21:20:00,2026-08-22,captured
pay_WJ0TPAC5,ORD_1021,1631.93,32.64,5.88,1593.41,setl_003,2026-08-21 17:23:00,2026-08-22,captured
pay_BN78BMYY,ORD_1022,3452.6,69.05,12.43,3371.12,setl_003,2026-08-21 21:29:00,2026-08-22,captured
pay_5935A0L7,ORD_1023,3537.41,70.75,12.73,3453.93,setl_003,2026-08-22 22:01:00,2026-08-23,captured
pay_4I3QK2IA,ORD_1024,214.92,4.3,0.77,209.85,setl_003,2026-08-22 20:25:00,2026-08-23,captured
pay_O9T7E8G8,ORD_1025,431.83,8.64,1.56,421.63,setl_003,2026-08-23 01:27:00,2026-08-24,captured
pay_P9E6GBPS,ORD_1026,2959.84,59.2,10.66,2889.98,setl_003,2026-08-23 04:49:00,2026-08-24,captured
pay_XE6SYLZT,ORD_1027,385.42,7.71,1.39,376.32,setl_003,2026-08-23 03:42:00,2026-08-24,captured
pay_KTAKPUXQ,ORD_1028,1615.49,32.31,5.82,1577.36,setl_004,2026-08-22 22:44:00,2026-08-23,captured
pay_YIHAIR4C,ORD_1030,1477.38,29.55,5.32,1442.51,setl_004,2026-08-23 03:07:00,2026-08-24,captured
pay_IXA11DPG,ORD_1031,1868.44,37.37,6.73,1824.34,setl_004,2026-08-23 05:35:00,2026-08-24,captured
pay_2Y9V86WZ,ORD_1032,654.02,15.43,2.78,635.81,setl_004,2026-08-22 20:31:00,2026-08-23,captured
pay_0RJIW1SW,ORD_1033,1632.06,32.64,5.88,1593.54,setl_004,2026-08-23 07:59:00,2026-08-24,captured
pay_LTEIYZCO,ORD_1034,656.75,13.13,2.36,641.26,setl_004,2026-08-24 00:20:00,2026-08-25,captured
pay_8A5UR7KO,ORD_1035,690.58,13.81,2.49,674.28,setl_004,2026-08-24 06:29:00,2026-08-25,captured
pay_PBMYOFQE,ORD_1036,3523.75,70.48,12.69,3440.58,setl_004,2026-08-24 23:59:00,2026-08-26,captured
pay_EQBNHL1N,ORD_1037,3451.7,69.03,12.43,3370.24,setl_004,2026-08-23 17:09:00,2026-08-24,captured
pay_B8IC8BBI,ORD_1038,282.49,5.65,1.02,275.82,setl_004,2026-08-23 17:52:00,2026-08-24,captured
pay_UHZ1GV0E,ORD_1039,1464.24,29.28,5.27,1429.69,setl_005,2026-08-24 08:43:00,2026-08-25,captured
pay_OZCYWD14,ORD_1040,159.81,3.2,0.58,156.03,setl_005,2026-08-24 02:40:00,2026-08-25,captured
pay_PNSM43D8,ORD_1041,928.62,18.57,3.34,906.71,setl_005,2026-08-23 18:27:00,2026-08-24,captured
pay_1Q3VLI7K,ORD_1042,292.55,5.85,1.05,285.65,setl_005,2026-08-24 01:44:00,2026-08-25,captured
pay_RLRMJKV5,ORD_1043,1224.05,24.48,4.41,1195.16,setl_005,2026-08-24 05:22:00,2026-08-25,captured
pay_R1YXR2DH,ORD_1044,500.66,10.01,1.8,488.85,setl_005,2026-08-24 19:19:00,2026-08-25,captured
pay_M9TMQLIZ,ORD_1045,215.4,4.31,0.78,210.31,setl_005,2026-08-25 08:40:00,2026-08-26,captured
pay_0JV1V93K,ORD_1046,923.29,18.47,3.32,901.5,setl_005,2026-08-24 22:14:00,2026-08-25,captured
pay_9TZE5R5U,ORD_1047,1779.23,35.58,6.4,1737.25,setl_005,2026-08-24 21:18:00,2026-08-25,captured
pay_ECRUYF38,ORD_1048,1293.05,25.86,4.65,1262.54,setl_005,2026-08-24 18:20:00,2026-08-25,captured
pay_2ISQP49K,ORD_1049,1160.85,23.22,4.18,1133.45,setl_006,2026-08-25 06:43:00,2026-08-26,captured
pay_WJCITFOY,ORD_1050,3009.96,60.2,10.84,2938.92,setl_006,2026-08-24 20:50:00,2026-08-25,captured
pay_CIJ2V2HE,ORD_1051,152.26,3.05,0.55,148.66,setl_006,2026-08-25 02:48:00,2026-08-26,captured
pay_2V37PQKO,ORD_1052,339.84,6.8,1.22,331.82,setl_006,2026-08-24 19:05:00,2026-08-25,captured
pay_60VAIY4V,ORD_1053,2503.0,50.06,9.01,2443.93,setl_006,2026-08-24 19:39:00,2026-08-25,captured
pay_X6GVWRDM,ORD_1054,256.62,5.13,0.92,250.57,setl_006,2026-08-24 22:35:00,2026-08-25,captured
pay_K83TQLL8,ORD_1055,366.01,7.32,1.32,357.37,setl_006,2026-08-26 03:30:00,2026-08-27,captured
pay_GN1W1HT7,ORD_1056,2531.49,50.63,9.11,2471.75,setl_006,2026-08-26 07:27:00,2026-08-27,captured
pay_LAOI4E8X,ORD_1057,1261.14,25.22,4.54,1231.38,setl_006,2026-08-26 00:47:00,2026-08-27,captured
pay_9ITN7S55,ORD_1058,1342.27,26.85,4.83,1310.59,setl_007,2026-08-26 01:30:00,2026-08-27,captured
pay_KKV9RFTM,ORD_1059,1582.99,31.66,5.7,1545.63,setl_007,2026-08-26 01:53:00,2026-08-27,captured
pay_UI1B0Z3N,ORD_1060,3486.72,69.73,12.55,3404.44,setl_007,2026-08-25 23:46:00,2026-08-26,captured
pay_5PSQ0OXF,ORD_1061,1345.48,26.91,4.84,1313.73,setl_007,2026-08-26 03:56:00,2026-08-27,captured
pay_444NLZ15,ORD_1062,232.86,4.66,0.84,227.36,setl_007,2026-08-26 05:42:00,2026-08-27,captured
pay_PDW5PY6B,ORD_1063,1455.84,29.12,5.24,1421.48,setl_007,2026-08-26 02:15:00,2026-08-27,captured
pay_OYGGVNYR,ORD_1064,184.85,3.7,0.67,180.48,setl_007,2026-08-25 21:20:00,2026-08-26,captured
pay_Y6QKTC89,ORD_1065,272.22,5.44,0.98,265.8,setl_007,2026-08-26 01:32:00,2026-08-27,captured
pay_4DNMKZA3,ORD_1066,1618.03,32.36,5.82,1579.85,setl_007,2026-08-27 02:16:00,2026-08-28,captured
pay_0361I2HG,ORD_1067,199.81,4.0,0.72,195.09,setl_007,2026-08-26 19:03:00,2026-08-27,captured
pay_BNE6LOH2,ORD_1068,311.82,6.24,1.12,304.46,setl_008,2026-08-26 18:23:00,2026-08-27,captured
pay_8K52QC1I,ORD_1069,2499.18,49.98,9.0,2440.2,setl_008,2026-08-26 22:20:00,2026-08-27,captured
pay_EN0JNWNY,ORD_1070,3485.58,69.71,12.55,3403.32,setl_008,2026-08-26 17:21:00,2026-08-27,captured
pay_HC36KOF8,ORD_1071,510.95,10.22,1.84,498.89,setl_008,2026-08-27 04:03:00,2026-08-28,captured
pay_N8ZTV05X,ORD_1072,1260.61,25.21,4.54,1230.86,setl_008,2026-08-26 21:28:00,2026-08-27,captured
pay_HQIN9N6X,ORD_1073,1489.81,29.8,5.36,1454.65,setl_008,2026-08-26 18:47:00,2026-08-27,captured
pay_XVA2IEUC,ORD_1074,426.59,8.53,1.54,416.52,setl_008,2026-08-27 07:07:00,2026-08-28,captured
pay_2VJ99T2D,ORD_1075,407.64,8.15,1.47,398.02,setl_008,2026-08-27 03:51:00,2026-08-28,captured
